"Sector(s):","Total Bilateral Aid To All Sectors","","Flow(s):","Memo: ODA Total, Gross disbursements","","Flow Type(s):","Disbursements","","Amount:","Constant Prices (2020 USD millions)","","Time Period:","2020","",

"","Recipient(s)","All Developing Countries, Total","North of Sahara, Total","South of Sahara, Total","Caribbean & Central America, Total","South America, Total","Middle East, Total","South & Central Asia, Total","Far East Asia, Total","Europe, Total","Oceania, Total","LDCs, Total","Other LICs, Total","LMICs, Total","UMICs, Total","Land-Locked countries, Total","Small island states, Total","Fragile states, Total","Afghanistan","Albania","Algeria","Angola","Antigua and Barbuda","Argentina","Armenia","Azerbaijan","Bangladesh","Belarus","Belize","Benin","Bhutan","Bolivia","Bosnia and Herzegovina","Botswana","Brazil","Burkina Faso","Burundi","Cabo Verde","Cambodia","Cameroon","Central African Republic","Chad","China (People's Republic of)","Colombia","Comoros","Congo","Costa Rica","Cote d'Ivoire","Cuba","Democratic People's Republic of Korea","Democratic Republic of the Congo","Djibouti","Dominica","Dominican Republic","Ecuador","Egypt","El Salvador","Equatorial Guinea","Eritrea","Eswatini","Ethiopia","Fiji","Gabon","Gambia","Georgia","Ghana","Grenada","Guatemala","Guinea","Guinea-Bissau","Guyana","Haiti","Honduras","India","Indonesia","Iran","Iraq","Jamaica","Jordan","Kazakhstan","Kenya","Kiribati","Kosovo","Kyrgyzstan","Lao People's Democratic Republic","Lebanon","Lesotho","Liberia","Libya","Madagascar","Malawi","Malaysia","Maldives","Mali","Marshall Islands","Mauritania","Mauritius","Mexico","Micronesia","Moldova","Mongolia","Montenegro","Montserrat","Morocco","Mozambique","Myanmar","Namibia","Nauru","Nepal","Nicaragua","Niger","Nigeria","Niue","North Macedonia","Pakistan","Palau","Panama","Papua New Guinea","Paraguay","Peru","Philippines","Rwanda","Saint Helena","Saint Lucia","Saint Vincent and the Grenadines","Samoa","Sao Tome and Principe","Senegal","Serbia","Sierra Leone","Solomon Islands","Somalia","South Africa","South Sudan","Sri Lanka","Sudan","Suriname","Syrian Arab Republic","Tajikistan","Tanzania","Thailand","Timor-Leste","Togo","Tokelau","Tonga","Tunisia","TÃ¼rkiye","Turkmenistan","Tuvalu","Uganda","Ukraine","Uzbekistan","Vanuatu","Venezuela","Viet Nam","Wallis and Futuna","West Bank and Gaza Strip","Yemen","Zambia","Zimbabwe",
"Donor(s)",
"DAC Countries, Total","","128893.56","3993.15","30306.16","3537.17","4658.45","11115.78","15645.52","10051.69","3786.26","1892.45","31411.9","591.53","31345.24","15961.1","16389.21","3264.96","42307.59","2368.76","204.38","180","84.88","1.89","56.7","113.92","214.06","3340.7","140.49","8.35","366.9","33.09","197.67","244.83","74.28","564.64","722.64","201.26","41.61","740.92","593.2","321.94","276.55","1175.82","1937.15","34.53","97.93","208.42","687.67","111.18","15.95","1589.55","97.76","4.76","395.85","290.69","1022.28","355.6","4.64","13.48","73.17","2370.29","122.91","61.93","41.04","719.67","586.05","3.33","312.77","151.86","34.1","20.7","452.97","216.25","3738.42","3257.87","174.96","2145.76","41.98","2363.03","57.71","1626.84","47.62","160.8","141.62","321.21","1123.83","86.98","302.35","220.44","341.38","648.36","59.46","65.62","768.38","122.37","107.77","380.67","770.9","134.76","101.04","486.66","36.1","43.83","1428.14","1208.43","1923.32","167.33","19.63","525.35","131.03","699.61","1719.14","20.75","82.01","876.76","41.66","34.54","532.18","206.69","587.83","1925.11","571.95","58.85","4.47","1.61","57","18.41","859.32","345.37","228.28","125.75","2015.64","1104.91","1437.68","459.58","807.46","7.09","2436.66","116.26","1299.76","344.09","191.15","98.43","16.29","58.07","920.63","1198.72","9.09","17.44","1292.54","778.9","677.69","92.13","233.71","1388.66","107","817.24","1608.93","615.17","575.58"
"Non-DAC Countries, Total","","14586.23","849.14","1772.34","415.36","86.06","8814.29","636.88","314.3","349.04","9.22","2389.25","70.02","9298.28","1151.74","714.87","498.76","10252.56","73.03","93.03","6.34","1.4","1.27","20.96","30.36","14.42","44.12","9.54","4.49","4.79","1.95","0.25","41.88","1.13","4.07","8.74","9.23","2.9","8.59","7.42","12.06","10.9","98.62","20.42","16.07","3.42","4.32","17.25","375.49","67.46","5.98","18.84","1.13","1.15","0.55","662.59","1.44","0.05","4.8","0.15","31.02","0.59","0.36","29.98","8.17","13.18","0.36","0.82","32.86","1.84","0.89","0.42","1.76","39.69","28.99","19.04","58.89","0.7","269.12","45.71","18.82","..","7.68","83.1","39.47","65.81","0.29","4.2","5.17","14.97","13.97","9.58","58.32","22.2","3.12","60.93","20.15","4.38","0.01","64.11","12","3.69","0.29","86.65","12.27","4.57","1.75","0.12","9.58","13.56","16.13","12.39","0.11","8.85","74.41","3.16","0.38","0.16","7.88","6.03","10.75","21.97","0.03","0.32","3.06","0.15","0.17","23.89","39.65","15.57","0.14","117.31","3.01","9.21","30.67","1063.9","0.49","7170.09","52.25","22.13","7.15","0.08","11.63","..","1.31","85.38","39.08","9","0.15","17.84","28.85","55.43","0.17","24.3","28.29","..","376","540","30.05","2.56"
"Australia","","2318.95","0.09","51.9","0.67","1.82","69.54","232.81","434.65","4.82","786.45","472.94","1.05","767.61","179.1","94.84","736.42","861.02","44.27","0.02","0.02","0.01","0.01","0.04","..","..","79.65","..","..","..","3.44","0.01","0.01","0.68","0.1","..","0.41","0.02","39.05","0.18","..","..","0.46","0.03","0.01","..","0.01","0.05","0.01","..","..","0.03","..","0.01","0.02","0.05","0.01","..","..","0.35","1.88","48.11","..","0.18","..","1.27","..","0.01","..","0.02","0.03","..","0.01","2.29","183.54","0.08","22.27","0.02","6.23","..","2.93","18.86","0.12","0.03","16.85","3.7","0.25","0.18","..","0.27","1.26","1.89","0.88","0.02","2.08","..","0.47","0.57","3.58","..","5.24","0","..","0.01","1.72","62.53","0.25","13.45","10.06","0.01","0.12","1.12","2.03","0.02","9.47","3.99","0.01","363.52","0.02","0.07","47.4","0.74","..","..","..","24.95","0.01","0","0.01","0.08","87.03","3.11","20.2","5.34","13.21","0.02","..","15.89","0.02","1.74","5.85","83.46","..","0.29","22.16","..","4.56","..","7.58","1.72","0.07","..","54.15","..","43.46","0","13.07","..","1.08","1.05"
"Austria","","568.21","8.86","69.08","25.63","8.85","45.08","42.97","18.21","132.09","0.78","56.59","0.33","112.82","143.87","62.77","16.58","106.08","3.37","10.52","0.28","0.03","..","0.3","2.85","5.11","1.46","1.34","0.01","0.02","1.29","0.25","20.52","0.01","2.39","7.5","0.09","1.05","0.04","0.78","0.03","0.01","5.73","2.52","..","0.03","0.17","0.01","14.76","0.03","0.32","0.06","..","0.04","0.35","4.74","0.6","..","0.02","0.06","11.88","0.01","0.09","0.12","6.83","3.82","0.01","5.2","..","0","..","..","0.08","9.75","2.71","11.21","1.79","..","1.99","2.94","1.53","..","10.61","0.56","0.94","4.25","0.22","0.02","2.6","0.05","0.04","0.14","..","0.13","..","..","0.04","3.46","..","4.57","3.38","1.2","..","0.63","10.82","0.06","0.03","..","1.29","0.56","0.01","1.37","..","1.79","1.98","..","0.06","0.23","0.27","1.16","0.64","0.19","..","0.02","0.03","..","..","0.63","17.17","0.08","..","0.16","0.72","0.23","1.35","0.2","..","17.76","0.13","1.32","0.58","..","0.07","..","..","0.46","28.54","0.2","..","12.47","16.39","0.53","0.38","1.51","3.4","..","5.6","1.3","0.12","0.3"
"Belgium","","1175.95","15.24","433.63","20.67","29.75","74.12","5.06","20.81","13.8","..","415.76","0.72","104.94","77.8","216.97","12.36","407.7","..","0.21","1","1.45","..","0.31","0.34","..","1.46","0.04","..","20.1","..","7.64","0.16","..","1.98","41.08","28.02","0.16","4.43","2.1","0.23","..","0.6","2.18","..","0.28","0.34","0.26","5.11","..","104.46","..","..","0.39","8.04","1.73","2.44","..","..","..","3.72","..","0.11","0.03","0.01","0.47","..","2.28","9.55","..","..","6.33","1.07","2.26","3.32","0.21","11.07","..","1.17","0.01","8.79","..","0","..","..","12.75","..","..","0.09","5.62","5.75","..","..","17.13","..","0.76","..","0.07","..","0","..","0","..","11.83","12.46","0.29","..","..","0.09","2.22","24.77","7.45","..","..","0.13","..","0.41","..","0.68","7.81","4.37","59.33","..","..","..","..","..","13.09","0.34","..","..","..","14.45","2.28","0.17","..","0.37","12.74","..","12.41","0","..","0.71","..","..","0.6","9.05","..","..","23.5","3.9","0.29","..","..","6.1","..","20.8","15.33","1.36","0.72"
"Canada","","3917.17","17.22","904.11","188.74","141.83","421.53","249.53","73.52","71.08","35.43","949.82","5.5","507.93","266.65","439.82","77.73","1242.07","86.01","0.33","1.09","0.26","0.52","1.06","0.07","0.34","68.65","0.26","1.38","21.04","0.15","12.08","0.21","0.48","1.76","36.57","4.33","0.43","3.09","14.08","9.46","9.67","1.84","39.21","0.42","0.79","0.38","13.34","2.31","0.93","68.52","1.11","1.83","0.44","4.57","3.56","3.5","0.18","0.04","0.57","73","0.63","0.41","1.43","0.22","49.23","0.86","11.15","3.99","1.02","2.21","57.13","19.67","6.2","12.09","0.17","71.21","2.37","56.62","0.31","34.06","0.17","0.16","0.99","1.07","74.84","0.41","2.5","2.39","3","9.31","0.6","0.15","60.85","0.32","0.51","0.35","9.38","0.09","0.29","5.38","0.29","0.23","4.43","51.79","35.6","0.38","0.09","4.08","6.65","15.79","40.06","..","0.29","24.62","0.09","0.6","0.09","0.2","21.01","10.67","8.64","..","0.84","0.92","0.17","0.36","51.66","0.06","5.5","0.45","23.25","8.77","73.19","7.2","19.75","0.7","74.93","1.69","67.62","1.18","0.19","3.62","..","0.17","4.98","0.23","0.05","0.17","14.67","36.23","0.28","0.64","5.98","11.33","..","39.58","44.73","5.05","4.57"
"Czech Republic","","72.7","1.1","12.31","0.44","0.65","12.22","7.1","3.15","22.09","..","17.63","0.04","19.05","19.69","19.09","0.37","25.77","1.43","0.53","..","..","..","..","0.48","0.07","0.22","1.17","0.01","..","..","0","4.79","..","0.08","0.48","..","0.07","2.06","0.13","..","..","0.21","0.17","..","..","0","..","0.28","..","..","..","..","..","0.01","..","0.03","..","..","..","5.29","..","..","..","3.33","0.09","..","..","0.01","..","..","..","0.02","0.09","0.14","0.01","4.31","..","2.17","..","0.02","..","0.23","0.01","0.05","1.49","..","..","0.43","..","0.02","..","..","1.85","..","..","..","0.03","..","5.15","0.26","0.02","..","..","..","1.16","0.12","..","..","0.05","0.65","0.04","..","0.14","..","..","0.01","..","..","0.28","0.19","..","..","..","..","..","..","0.13","1.56","..","..","..","..","..","0.01","0.23","..","2.67","0.05","0.08","0.03","..","..","..","..","0.02","3.83","..","..","0.02","3.08","0.07","..","0.1","0.21","..","0.44","0.91","3.03","0.04"
"Denmark","","1718.5","6.45","512.37","2.43","2.8","170.92","103.95","8.6","31.82","0.04","487.67","7.48","186.2","44","320.31","0.07","644.16","50.41","2.32","0.54","0.28","..","0.22","0.07","..","15.43","0.06","..","0.41","..","0.86","0.11","..","0.27","28.56","0.35","..","2.43","1.41","2.81","0.93","1.29","0.72","..","0.13","..","..","..","0.1","1.55","0.02","..","..","..","1.47","..","..","0.18","..","53.96","..","..","..","1.84","7.75","..","0.62","0.54","..","..","0.03","0.1","3.08","2.49","2.95","18.01","..","8.7","..","62.86","..","..","..","0.5","13.16","..","0.87","0.97","..","2.81","0.05","..","49.08","..","0.02","..","0.19","..","0.03","..","..","..","0.1","6.19","24.97","..","..","3.19","0.1","26.45","2.58","..","..","4.3","..","..","..","..","0.16","0.72","5.05","..","..","..","..","..","0.09","..","1.33","..","54.59","1.37","17.39","0.03","9.06","..","46.5","..","45.49","0.07","..","0.39","..","..","3.38","0.97","..","..","68.54","17.06","..","0.04","0.57","0.95","..","19.04","11.85","1.94","7.38"
"Finland","","656.94","4.18","151.93","2.67","3.44","50.47","84.25","9.33","18.17","..","210.23","1.03","63.91","26.38","102.27","1.68","234.54","27.93","0.41","0.13","..","..","0.08","0.03","0.02","0.87","0.15","..","..","0.17","0.2","0.27","0.18","0.19","0.84","1.3","..","1.65","0.08","0.61","..","0.43","1.44","..","..","..","..","..","..","5.31","0.01","..","0.1","0","0.25","..","..","..","0.03","25.84","..","..","0.36","1.36","0.97","..","0.17","..","..","..","0.07","1.13","1.85","0.92","0.04","3.38","..","0.32","..","11.98","..","0.93","0.73","1.13","6.34","..","0.17","0.66","0.21","1","..","..","0.69","..","0.21","1.51","0.21","..","0.54","0.23","..","..","0.3","19.36","27.34","0.49","..","20.6","0.25","1.76","0.2","..","0.01","0","..","..","..","..","0.41","0.63","0.17","..","..","..","..","..","0.43","..","0.34","..","28.8","3.98","5.69","0.46","3.47","..","16.39","0.91","15.71","0.16","..","..","..","..","0.35","5.2","0.02","..","6.78","7.54","1.14","..","0.57","4.19","..","9.84","8.69","2.71","1.03"
"France","","13088.71","1232.83","3926.63","854.64","1001.7","429.6","1145.79","1138.17","348.29","128.57","2192.79","4.8","4257.8","2981.91","1269.22","767.28","3063.65","7.41","5.79","127.22","10.84","0.05","11.9","24.74","118.62","32.18","1.67","0.02","68.75","0.02","24.93","2.25","0.22","92.38","164.21","8.07","4.56","100.35","163.18","37.03","74.63","195.69","270.18","27.01","71.5","151.02","312.68","21.28","0.77","41.61","41.42","0.34","311.45","142.44","247.38","20.69","2.12","0.4","0.25","83.27","0.55","55.41","1.11","221.27","67.47","0.01","3.1","59.49","0.95","0.18","33.66","2.28","422.58","326.4","13.56","24.32","0.61","137.45","3.76","241.65","0","2.6","0.67","12.25","103.62","0.27","4.54","10.89","84.77","0.26","5.01","0.1","127.78","..","41.24","358.95","306.1","..","2.29","45.76","0.71","..","587.85","19.2","10.42","17.65","..","1.73","1.05","105.76","203.83","..","1.66","51.73","..","1.07","0.02","43.01","92.4","291.94","51.73","..","1.4","0.02","..","0.82","327.02","10.72","0.15","0","448.32","48.82","5.38","18.79","12.66","0.89","69.26","0.12","17.03","9.08","0.29","32.35","..","0.05","226.08","299.8","0.38","..","86.63","16.13","231.29","4.07","9.55","146.07","107","66.16","8.73","1.08","4.03"
"Germany","","25878.79","1387.29","4293.23","423.61","1318.56","2835.92","2613.8","2181.37","1360.24","12.57","3549.93","38.62","6691.32","4193.69","2111.28","45.4","5515.45","373.13","92.59","16.94","4.33","0","23.24","35.78","38.1","170.67","52.93","0.08","65.38","1.57","32.54","80.05","1.3","158.42","93.44","34.29","0.97","35.64","119.3","49.61","39.92","774.99","714.54","0.01","0.58","12.84","81.08","2.53","1.89","176.73","0.43","0.12","7.17","34.41","173.95","9.46","0.02","3.84","0.33","447.44","1.85","0.65","2.8","356.92","92.39","0.42","23.81","11.61","0.4","0.47","10.26","27.12","1189.76","997.15","104.76","407.29","0.28","449.66","21.02","104.7","..","44.45","24.66","28.24","294.11","1.23","31.74","46.64","35.72","97.17","14.62","0.54","108.55","1.96","25.09","2.8","101.4","..","11.95","24.87","24.56","..","617.63","97.61","74.93","57.41","..","57.49","10.9","142.95","123.61","..","15.4","114.06","0.08","1.04","3.11","4.77","209.48","37.46","59.88","..","0.03","0","0.03","0","171.38","113.71","30.29","0.44","204.59","175.27","155.22","22.4","179.72","0.08","890.45","19.09","51.54","35.38","9.31","41.94","0.01","0.16","372.87","534.89","1.75","..","60.84","207.37","34.82","..","10.58","210.93","..","225.18","305.35","57.2","36.72"
"Greece","","84.78","0.01","0.04","0","0.04","0.25","0.04","..","4.01","..","0.11","..","0.23","4.05","0.04","..","0.36","0.03","0","..","..","..","..","..","..","0","..","..","..","..","..","0","..","..","..","..","..","..","0","..","..","..","0","..","..","..","..","..","..","..","..","..","..","..","0.01","..","..","..","..","..","..","..","..","0","..","..","..","..","..","..","..","..","..","..","0","..","..","0","0","..","..","..","..","..","..","..","..","..","..","..","..","..","..","..","..","..","0","..","..","..","..","..","..","..","..","..","..","..","..","..","..","..","..","..","..","..","..","..","..","..","..","..","..","..","..","..","..","0","..","..","..","..","..","..","0.03","..","0.21","..","..","..","..","..","..","..","0","4","..","..","..","0","0","..","0.03","..","..","..","0.03","0",".."
"Hungary","","225.93","9.91","12.34","2.46","5.06","37.45","23.65","30.88","80.59","0.03","14.41","0.05","90.33","97.58","32.49","0.19","47.38","0.02","1.33","1.14","0.62","..","0.22","0.04","4.57","1.14","0.06","..","0","0","0","0.97","0","3.39","0","0","0.13","0.35","0.02","0","0.02","5.27","0.58","..","0.01","0","0","0","..","0.23","..","0.01","0","0.83","2.55","0","..","0.06","0","0.86","0.03","0","0.02","1.12","1.36","..","0","0","..","0","..","0","3.79","2.05","2.42","6.08","0","10.11","4.43","3.39","..","1.19","2.5","7.87","3.99","..","0","0.02","0.01","0","0.31","..","0.02","..","0","0.01","2.43","..","0.85","8.37","0.97","..","2.52","0.01","0.21","0.05","..","0.01","0","0","1.94","..","0.77","4.78","..","0.01","..","0.01","0.01","0.35","0.01","..","..","..","..","..","0","49.39","0","..","0","1.58","0.01","0.08","0.34","..","9.85","0.04","0.47","0.36","..","0","..","..","3.68","5.9","0.41","..","1.11","19.14","0.5","..","0.01","5.96","..","4","1","0","0.05"
"Iceland","","46.13","..","17.83","0.31","..","3.27","0.86","0.12","0.39","..","18.69","..","2.87","0.76","14.49","..","13.35","0.85","0.11","..","..","..","..","..","..","..","0","..","..","..","..","..","..","..","0.19","..","..","..","0.01","..","..","..","..","..","..","..","..","..","..","0.24","..","..","..","..","..","0.31","..","..","..","0.23","..","..","..","..","0.01","..","..","..","..","..","..","..","..","..","..","0.07","..","0.16","0.01","0.12","..","..","..","..","0.3","..","0.32","..","..","7.54","..","..","0.15","..","..","..","..","..","..","..","..","..","..","1.35","..","..","..","..","..","..","..","..","..","..","..","..","..","..","..","0.11","..","..","..","..","..","..","0.15","..","1.45","..","..","..","..","..","..","..","1.36","..","..","..","..","0.11","..","..","..","0.27","..","..","5.52","..","..","..","..","0.01","..","0.8","0.59","..",".."
"Ireland","","521.95","0.06","264.88","6.92","6.14","35.88","10.53","11.79","6.47","2.34","253.92","10.34","49.65","26.73","144.94","4.97","275.22","3.17","..","..","0.47","0.34","0.08","0.05","..","2.61","0.02","..","0.02","..","0.03","..","..","0.64","1.17","1.83","..","1.13","1.12","5.74","2.56","0.04","2.78","..","0.02","..","0.02","0","0.34","8.15","..","..","..","0.13","0.05","0.15","..","1.41","..","45.22","0.09","..","..","0.04","0.19","..","1.35","0.37","0.39","..","1.9","1.33","0.73","0.06","0.01","1.76","0","4.45","0.04","9.18","0.01","0.05","..","0.98","4.3","0.14","5.35","..","0.08","23.75","..","..","1.17","..","0.32","..","0.17","..","..","..","..","..","..","29.38","2.58","0.06","..","0.58","1.25","3.97","2.13","..","..","0.6","..","..","0.14","0.1","0.57","0.37","2.15","..","..","..","0","..","0.68","..","16.67","0","7.67","5.27","9.81","0.11","7","0","7.72","..","26.1","0.25","..","0.02","..","2.04","0.01","6.3","..","0.05","25.94","0.05","0.04","0","1.73","8.59","..","9.82","6.87","6.52","10"
"Italy","","1403.01","158.08","260.54","24.67","30.92","134.6","91.55","33.55","63.53","0.04","283.06","0.32","290.67","191.37","128.63","13.4","395.46","24.44","13.86","0.21","2.01","0.47","1.09","0.24","0.94","2.66","0.4","0.15","4.98","0.02","5.86","2.98","0.01","7.66","11.9","2.18","0.65","0.27","7.92","3.18","1.83","3.15","7.1","..","0.09","0.32","3.14","9.79","0.09","6.83","16.49","0.16","0.04","1.31","25.19","3.05","..","0.98","..","31.15","..","0.17","0.02","0.31","0.96","..","0.4","1.38","0.63","..","0.85","2.68","15.91","0.94","4.45","12.57","..","19.26","0.25","9.33","..","0.78","0.04","0.01","35.7","0.14","0.63","39.32","3.53","0.96","0.06","0.12","10.71","..","0.04","0.01","0.69","..","0.7","0.17","0.28","..","2.9","18.37","23.7","0.03","..","0.84","4.07","19.42","1.82","..","0.5","11.97","..","0.02","..","0.69","3.06","20.41","1.67","..","..","..","..","..","29.56","0.66","2.79","..","18.1","1.51","3.38","9.54","15.38","..","16.22","..","8.76","0.33","0.55","2.51","..","..","90.44","39.15","0.01","..","5.86","1.25","0.42","..","2.19","5.03","..","28.95","3.52","0.87","0.23"
"Japan","","16887.07","443.34","1320.51","328.77","288.12","1315.57","6088.64","4080.43","137.51","328.6","4726.51","32.69","7484.1","1899.13","1476.21","466.29","6098.14","126.23","1.81","1.65","7.27","0.15","3.13","1.91","13.65","2130.83","0.29","0.91","18.41","22.68","14.85","19.95","13.41","157.36","53.2","5.66","2.39","271.23","25.52","10.84","7.55","1.92","8.33","5.7","4.22","14.48","65.51","10.32","..","45.69","13.92","0.64","8.02","6.07","311.17","62.76","0.08","2.08","6.98","75.23","41.31","2.28","3.12","5.04","51.32","1.88","42","12.96","5.32","9.9","25.71","15.42","1807.74","1369.77","15.21","820.63","6.97","256.89","1.46","221.72","12.5","4.17","22.72","89.37","24.8","4.09","21.96","9.49","64.46","28.22","9.84","61.09","8.88","12.56","11.71","14.28","112.78","7.53","1.26","298.56","1.03","..","61.09","72.72","1093.52","2.66","2.26","87.6","5.77","11.18","13.54","0.17","1.41","52.98","33.1","19.26","126.69","53.44","21.07","1151.14","56.01","..","1.24","0.45","9.52","3.04","40.14","48.09","12","13.51","17.77","9.78","22.34","297.36","16.86","0.03","76.15","26.66","55.18","220.55","19.17","5.85","0","17.62","59.47","50.18","0.27","2.04","44.01","8.54","312.83","9.97","0.31","620.42","..","62","47.75","21","32.69"
"Korea","","1925.23","19.91","412.04","54.3","122.34","67.18","391.17","546.23","10.82","15.52","766.49","1.56","658.7","201.03","454.1","36.05","848.58","17.47","0.52","1.79","1.05","..","0.62","0.5","8.85","112.66","1.07","0.24","0.2","1.77","14.6","0.26","0.74","2.55","2.17","0.9","0.08","101.43","12.23","2.57","5.09","6.07","17.68","0.29","0.08","2.45","8.89","2.83","..","9.45","0.3","..","4.77","9.93","7.79","7.25","0.27","0","0.46","108.62","8.16","1.24","0.46","1.36","19.03","..","3.69","2.08","0.32","0.16","0.73","5.92","3.75","51.09","8.82","11.45","0.77","11.81","2.62","24.64","0.93","..","12.56","41.55","4.48","0.18","0.51","1.73","5.6","2.42","3.03","0.32","3.02","0.21","0.55","0.3","2.4","0.57","0.65","32.66","0.31","..","5.07","10.45","109.25","0.5","0.2","16.13","20.72","1.95","6.37","0.12","0.46","11.6","0.69","1.67","0.59","65.44","9.45","157.07","12.93","..","0.2","..","0.74","0.08","18.26","1.61","5.61","0.85","2.18","0.86","5.42","23.67","8.75","0.06","3.42","5.32","91.64","5.03","10.98","1.68","..","0.23","3.53","4.11","1.45","0.38","23.63","1.53","58.46","0.23","1.55","137.25","..","4.27","22.04","1.94","1.56"
"Luxembourg","","314.81","1.27","137.32","9.09","4.33","14.7","18.82","30.32","5.22","..","163.02","..","43.32","8.24","130.8","16.27","159.57","3.97","0.3","..","..","..","0.28","0.09","0.25","4.36","..","..","1.19","..","0.78","0.28","..","0.51","30.5","0.32","14.85","1.34","0.71","2.51","0.29","0.19","0.71","..","..","..","0.18","0.13","..","2.79","..","..","..","0.11","0.09","2.09","..","..","0","2.05","..","..","..","0.17","0.06","..","0.37","0.38","..","..","1.3","0.07","1.38","0.15","..","1.38","..","0.6","0.06","0.49","..","3.23","..","22.26","0.86","..","..","0.69","0.81","1.09","..","..","22.53","..","0","..","..","..","0.07","1.81","0.09","..","..","0.32","5.58","..","..","2.39","4","34.13","0.11","..","0.12","..","..","..","..","0.13","1.17","1.62","1.81","..","..","..","..","..","13.22","0.12","..","..","0.6","0.3","2.58","0.08","0.41","..","2.87","0.05","0.49","0.11","..","0.83","..","..","0.27","0.38","..","..","0.5","0.59","0.09","..","0.11","2.43","..","4.02","2.01","0.44",".."
"Netherlands","","3748.29","19.95","669.92","2.24","10.15","178.09","92.99","11.49","36.71","..","605.04","1.75","124.63","85.12","382.96","4.95","685.82","51.83","3.53","0.67","0.12","..","0.18","0.15","0.12","32.4","1.21","..","38.72","..","..","0.11","..","0.28","22.29","31.38","..","0.14","..","6.53","..","2.89","1.45","..","0.06","0.3","0","0.26","..","16.35","..","..","0.02","..","9.89","0.03","..","..","..","108.55","..","..","..","0.69","12.3","..","0.23","..","..","..","..","0.02","0.36","6.27","0.69","35.61","..","14.69","0.44","7.26","..","0.05","..","0.03","26.26","..","..","3.07","..","..","..","..","30.29","..","..","..","0.14","..","0.1","0.32","0.01","..","0.26","47.66","2.48","..","..","..","0.14","23.98","9.51","..","0.27","4.49","..","..","..","..","0.06","0.37","30.8","..","..","..","..","..","3.58","0.16","0","..","28.71","0.68","37.38","0.05","14.22","4.62","23.91","..","0.31","0.05","0.04","..","..","..","3.97","0.73","..","..","36.76","2.1","..","..","1.28","0.27","..","27.14","40.48","..","1.75"
"New Zealand","","433.41","0.23","10.22","2.39","1.66","9.46","21.83","55.29","0.02","293.93","102.35","0.25","89.4","82.17","16.26","178.13","110.99","2.15","..","0.03","..","..","0.13","..","..","0.1","..","..","..","0.06","0.06","..","0.06","0.15","..","..","..","8.85","0.02","..","..","0.34","0.67","..","..","0.07","..","0.05","..","..","..","0.11","0.03","0.12","0.2","0.06","..","..","0.05","2.74","16.51","..","..","..","0.43","0.07","0.07","..","..","0.05","..","0.07","0.13","12.17","..","3.42","0.17","0.33","..","0.68","14.9","..","..","7.61","0.32","0.02","..","..","..","0.44","0.08","..","..","0.56","..","0.03","0.06","0.4","..","0.28","..","..","..","0.02","18.18","0.02","3.48","0.34","0.07","..","0.67","18.43","..","..","1.18","0.05","24.2","0","0.31","4.99","1.03","..","0.21","0.02","20.06","..","..","..","0.03","21.26","..","0.1","..","0.86","..","0.08","2.27","..","0.17","0.38","13.8","..","15.98","14.79","..","0.02","..","7.2","0.19","..","..","20.52","0.01","4.03","..","0.85","2.27","0.97","0.25"
"Norway","","3149.2","12.92","713.11","19.54","99.09","323.49","197.56","89.41","70.79","2.45","766.08","7.11","374.65","220.04","443.4","12.74","939","79.51","1.4","1.24","5.89","..","..","0.54","0.55","14.97","0.57","..","0.71","0.06","2","4.66","0.04","17.51","7.55","3.76","..","4.36","2.76","4.62","..","9.6","55.75","..","0.51","..","0.11","0.97","1.17","31.26","0.48","..","..","1.27","3.83","0.7","..","0.21","0.49","79.54","..","0.18","0.22","5.29","2.63","..","4.68","0.15","0.07","2.93","6.94","1.34","9.61","58.91","2.41","25.36","..","24.7","0.01","10.3","..","5.24","0.36","2.73","56.48","0.28","14.28","3.13","9.12","53.51","0.16","..","28.09","..","..","..","..","..","1.33","0.23","1.02","..","1.33","49.05","30.56","0.69","..","32.91","1.7","22.46","18.13","..","3.08","7.29","..","..","0.96","..","9.57","3.48","3.93","..","..","..","0.37","..","0.17","3.83","1.5","..","65.22","3.45","68.14","6.3","28.75","..","101","2.82","46.9","2.27","0.5","0.52","..","..","0.16","5","..","..","33.52","24.2","..","..","6.53","4.82","..","66.86","28.25","5.39","5.94"
"Poland","","233.06","1.14","20.73","0.69","1.32","11.05","19.34","19.57","148.77","0.02","15.92","0.93","104.18","100.62","23.25","0.17","28.33","0.69","3.65","..","0.32","0","0.05","0.58","2.17","0.68","62.64","0","0.01","0.01","0.03","0.13","0.02","0.46","..","0.05","0.01","0.02","0.37","..","0.01","5.77","0.31","0","..","0.02","..","0.03","0.05","..","..","0","0.02","0.26","0.79","0.03","..","0.04","..","1.21","..","..","0.05","2.04","0.49","..","0.01","0.01","..","..","0.02","0.01","7.14","1.18","0.31","2.2","0.04","0.98","2.33","2.09","..","0.95","0.22","0","4.12","0","0.03","0.11","0.03","0.02","0.46","..","0.36","..","..","0.02","0.5","..","1.86","9.51","0.08","..","..","0.02","0.24","..","..","0.15","..","0.02","2.96","..","0.13","1.1","..","0.01","0.02","..","0.16","0.13","0.5","..","..","..","..","..","0.4","0.2","..","..","0.05","0.2","0","0.15","0.46","0","2","0.17","9.4","0.94","..","0.01","..","..","0.25","13.07","0.17","..","0.59","65.22","1.5","..","0.06","1.4","..","1","0.44","0.07","0.89"
"Portugal","","230.37","0.92","127.91","4.09","6.63","4.72","1.51","58.88","0.81","..","125.26","0.08","20.9","57.18","3.12","64.22","116.59","1.05","0.28","0.23","4.08","..","0.1","..","0","0","..","..","..","..","..","..","0.03","5.48","..","..","14.6","..","..","0.99","..","44.15","0.58","..","0","..","0.07","3.87","..","..","..","..","..","0.02","0.09","0.05","0.11","..","0.05","0.04","..","..","0","0.1","..","..","..","0","17.25","..","..","..","0.36","0.03","0.02","0.1","..","..","0","0.07","..","0.06","..","..","0","..","..","..","..","..","0","..","0.49","..","..","0.01","0.16","..","0.01","..","..","..","0.32","72.07","..","0.26","..","0","0","0","0.03","..","0.01","0","..","0.02","..","..","0.03","..","..","..","..","..","..","13.91","0.23","0.05","..","..","0.1","1.08","0.34","..","..","..","4.44","..","0.03","0.07","14.59","..","..","..","0.22","0.1","..","..","0.03","0.27","..","..","0.4","0.04","..","0.09","0.04","..","0.08"
"Slovak Republic","","37.35","..","2.92","..","0.01","1.02","1.61","0.02","24.78","..","2.26","..","5.28","22.8","2.68","0","3.95","0.42","0.53","..","..","..","0","..","0.01","..","0.17","..","..","0.01","..","0.41","..","..","..","0","..","..","..","..","..","..","..","..","..","..","..","..","..","..","..","..","..","..","..","..","..","..","..","0.27","..","..","..","1.12","..","..","..","..","..","..","..","..","..","0","..","0.48","..","0.01","..","1.09","..","0.26","0.02","..","0.34","0","..","..","..","..","..","0","..","..","..","..","..","..","1.03","0.01","0.1","..","..","..","..","..","..","..","..","..","..","..","0.28","..","..","..","..","..","..","..","0.07","..","..","..","..","..","..","18.6","..","..","0.73","..","0.41","..","0.04","..","0.1","..","0.16","..","..","..","..","..","..","1.86","..","..","0.14","1.52","..","..","0.01","0.01","..","0.09","..","..",".."
"Slovenia","","31.15","0.05","0.39","0.09","0.01","0.96","0.18","0.02","22.1","..","0.39","..","2.53","20.22","6.3","0.1","0.72","0.05","0.34","..","..","..","..","..","..","..","0","..","..","..","..","6.23","..","0.01","..","..","0.01","..","..","..","..","0.02","..","..","..","..","..","0.09","..","0.03","..","..","..","..","0.02","..","..","..","..","..","..","..","..","0.12","0.04","..","..","..","..","..","..","..","..","..","..","0.05","..","0.11","..","0.07","..","1.18","..","..","0.35","..","..","..","..","..","..","..","..","..","..","..","..","..","..","..","1.1","..","..","..","..","..","..","..","..","..","..","..","6.05","..","..","..","..","..","..","..","0.14","..","..","..","..","..","..","5.03","..","..","..","0","..","..","..","..","0.11","..","..","..","..","..","..","..","0.03","0.95","..","..","0.06","0.6","..","..","..","..","..","0.24","0.1","..",".."
"Spain","","1036.17","56.33","128.89","154.73","216.04","64.88","17.55","8.26","41.92","0.47","129.47","0.13","266.3","276.42","83.21","29.67","291.9","0.36","0.45","8.03","0.7","..","1.95","0.37","0.25","0.97","0.15","0","0.56","..","20.91","0.66","..","5.4","3.3","0.71","0.93","0.17","1.54","1.42","2.26","2.27","75.94","..","0.21","0.82","2.76","6.47","..","4.84","0","..","8.64","19.2","2.04","46.01","1.73","0.06","0.01","7.78","..","0.01","1.44","8.51","0.6","..","28.28","3.91","2.04","0","10.94","25.67","5.89","0.13","0.79","7.6","0.18","2.94","0.13","1.03","..","0","0.06","..","9.57","..","0.09","0.49","0.22","0.33","0.03","..","21.11","0.1","9.53","..","5.48","..","0.09","0.06","0","..","35.23","15.36","0.02","0.02","..","0.13","17.77","11.82","2.92","..","0.02","0.68","..","0.65","..","7.89","32.35","5.45","1.72","..","0.02","..","0.15","0.03","18.28","0.68","0.87","..","1.27","0.06","0.51","0.03","0.38","0","14.63","0.04","1.21","0.06","0","0.6","..","0.15","6.65","27.41","..","0.01","1.69","8.65","0.09","..","50.62","0.09","..","26.03","2.79","0.02","0.13"
"Sweden","","3611.46","13.8","1107.12","48.33","78.59","286.87","259.35","44.14","191.28","1.69","1136.58","50.28","385.15","229.28","626.23","5.3","1463.95","119.24","13.21","1.72","1.87","..","0","4.68","2.21","56.79","5.8","..","0.86","0","23.96","25.13","0.04","1.56","44.89","3.16","..","26.42","9.91","18.61","9.48","2.31","35.45","0.06","0.32","0.04","0.95","2.98","3.49","75.27","0.72","..","..","0.22","2.58","1.99","..","0.31","0.14","59.39","..","0.09","0.98","16.18","1.84","..","30.01","0.22","..","..","1.23","1.98","5.25","1.92","2.4","42.84","0.02","10.18","0.06","52.86","..","15.97","0.06","0.52","8.88","0.13","35.68","6.55","0.91","2.84","0.32","0.45","34.63","..","1.38","..","2.46","..","15.07","0.16","0.03","..","0.3","81.01","41.46","1.41","..","1.95","1.8","5.02","22.11","..","6.97","5.16","..","..","..","0.75","0.96","5.98","22.68","..","..","..","..","0.09","0.39","14.71","0.79","0.12","94.22","5.89","72.62","2.03","66.31","..","58.17","0.34","72.9","1.01","0.31","0.85","..","..","1.49","31.07","..","..","73.3","32.05","0.2","0.05","11.74","1.72","..","57.74","50.65","56.35","46.79"
"Switzerland","","2884.7","65.69","557.18","102.4","117.92","154.17","265.75","115.6","187.3","0.67","648.51","16.82","486.78","287.71","480.37","38.8","829.16","36.28","32.55","2.28","0.67","..","1.03","5.13","3.82","36.18","0.28","..","28.04","1.1","27.24","21.77","..","3.66","51.01","8.14","0.03","19.42","8.35","9.36","28.54","4.45","42.18","..","0.18","0.06","0.58","14.75","6.81","31.59","..","..","0.06","0.96","17.31","2.48","..","1.29","0.32","19.41","0.18","0.01","0.19","8.93","20.53","..","3.19","1.15","0.67","0.04","22.54","24.07","10.36","13.68","0.74","14.62","..","19.79","0.04","12.11","..","20.23","24.09","21.93","27.3","0.69","0.03","8.25","3.1","0.71","0.03","..","42.96","0.09","0.31","0.03","1.85","..","16.22","14.82","0.02","..","5.24","33.98","48.5","0.35","0.15","39.13","20.45","34.04","14.37","..","20.43","3.18","..","0.53","0.04","1.6","23.04","1.56","6.17","..","..","..","..","..","4.29","27.11","0.08","0.02","26.45","17.78","24.39","3.66","14.8","0","40.84","20.68","30.91","0.93","..","1.86","..","..","29.35","3.79","..","..","2.9","34.48","8.41","0.19","10.95","22.39","..","32.31","14.87","0.79","10.01"
"United Kingdom","","12381.1","87.23","2825.19","139.3","206.68","940.58","1284.84","203.11","212.77","24.55","2949.44","125.72","1514.08","879.99","1449.76","79.6","3952.65","291.39","1.73","8.87","1.3","0.25","4.67","2.89","2.27","261.02","1.97","2","0.02","0.52","1.93","5.41","2.55","46.98","0.44","3.84","0.2","2.71","19.37","25.46","5.44","84.03","97.72","0.14","1.03","0.89","1.75","2.36","0.28","174.53","1.47","1.26","0.69","1.63","22","0.91","..","2.45","0.55","325.62","3.54","..","25.8","5.09","44.37","0.07","1.13","0.72","0.11","2.15","0.25","0.35","134.51","43.13","3.69","61.17","11.09","104.38","3.62","118.04","0.03","9.17","6.26","1.96","154.44","0.68","3.77","17.07","2.11","85.78","13.3","0.76","11.5","..","..","1.11","44.92","0.12","1.65","3.09","1.91","43.6","10.51","71.63","132.67","1.73","..","108.29","0.42","0.83","309.42","..","3.41","261.71","..","1.79","1.6","0.96","10.36","24.67","54.84","58.85","0.51","0.08","0.1","..","3.35","3.54","95.31","1.15","298.31","62.02","199.78","12.39","178.59","0.05","233.73","5.72","123.63","14.82","0.22","..","..","0.03","18.54","66.95","0.7","0.02","115.22","32.58","4.22","0.09","26.36","10.09","..","66.5","283.62","52.94","125.44"
"United States","","30312.46","429.06","11361.91","1117.34","954.01","3422.17","2372.49","824.74","538.09","258.3","10351.04","283.94","6639.93","3337.55","5853.38","656.24","13946.05","1015.64","16.05","4.93","41.33","0.09","6.03","32.4","12.14","312.73","8.21","3.56","97.49","0.22","6.91","47.51","54.5","53.46","121.36","62.45","0.47","114.35","202.09","130.34","88.32","22.13","558.93","0.87","17.89","24.2","196.3","10.01","..","783.79","21.32","0.29","53.95","58.8","183.55","191.01","0.13","0.1","62.53","796.11","1.93","1.3","2.71","71.79","206.4","..","151.04","43.33","4.92","2.57","273.1","85.87","93.67","167.61","..","534.71","19.47","1217.34","14.19","683.84","0.22","39.13","45.08","63.37","247.07","78.25","179.67","65.83","121.76","323.1","9.54","1.21","186.43","104.5","16.1","0.76","175.43","122.47","35.3","31.49","2.37","..","80.57","485.86","177.07","83.21","..","136.37","31.07","212.52","932.87","..","18.8","304.95","2.52","7.32","10.96","26.71","142.89","153.38","189.76","..","..","0.08","0.92","0.09","162.19","28.01","53.41","0.9","691.45","720.78","725.86","39.65","230.01","0.2","691.06","32.41","618.56","44.62","37.73","4.49","..","0.67","93.84","50.42","3.68","..","646.4","238.35","22.51","1.81","90.96","137.48","..","24.85","704.72","394.3","283.94"
"EU Institutions","","23977.1","2757.73","5566.67","649.08","732.98","1728.56","2238.23","613.01","5661.41","138.27","4898.19","119.53","8143.76","4862.89","3371.46","430.54","6496.97","368.86","133.09","85.46","33.33","2.88","24.32","137.8","26.26","279.47","162.3","5.63","148.56","24.06","44.42","260.54","5.48","274.83","236.84","56.42","34.8","139.62","102.4","151.31","165.71","184.41","110.9","2.07","17.46","4.68","123.86","25.54","3.1","200.19","31.41","2.5","33.75","58.2","899.92","15.52","0.32","2.87","23.24","209.18","17.55","5.47","62.77","481.4","129.39","0.61","32.34","48.08","15.67","11.24","103.32","60.48","314.54","20.95","32.35","272.27","28.22","474.55","0.98","158.01","6.77","251.82","76.45","33.62","139.74","19.02","41.68","58.37","110.16","107.84","0.9","25.8","156.68","0.4","80.34","10.16","153.88","4.6","278.94","43.87","221.04","5.58","1083.14","183.83","178.53","20.69","0.07","33.88","73.53","237.36","172.44","..","259.46","134.55","..","2.65","24.05","56.07","24.66","26.63","72.63","10.43","0.52","0.7","0.54","8.34","216.27","410.12","111.44","9.39","165.87","150.49","117.15","26.26","104.37","5.45","306.2","26.13","107.2","12.47","26.6","57.64","..","2.83","454.39","1450.12","2.64","0.12","171.56","1660.19","52.13","14.84","56.33","90.33","11","272.16","201.15","59.04","116.44"
"Azerbaijan","","33.29","..","3.79","1.84","1.2","6.61","7.81","0.35","3.83","..","4.55","..","6.89","11.7","6.29","1.45","11.8","0.29","..","..","..","0.05","0.3","..","..","..","0.01","0.05","..","0.24","0.1","0.83","0.1","0.05","..","0.1","0.1","..","..","..","0.25","0.35","0.07","0.1","..","0.22","..","0.33","..","0.02","0.4","0.07","0.08","0.2","..","0.04","..","0.1","0.03","..","..","..","0.1","..","..","0.05","0.33","..","0.1","0.1","0.09","0.24","..","..","5","0.29","0.08","..","0.59","..","..","..","2.5","..","1","0.1","..","..","..","0.1","..","..","0.1","..","0.4","..","0","..","0.27","..","1.02","..","..","0.1","..","..","..","0.35","0.08","0.27","..","..","0.11","2","..","0.08","..","0.11","0.05","..","..","..","0.04","0.03","..","0.1","0.4","0.24","0.1","..","..","..","..","0.35","0.43","0.09","..","0.35","..","..","..","0.2","..","..","..","..","..","..","0.1","0.26","0.24","..","0.12","..","..","..","0.03","..",".."
"Bulgaria","","9.21","..","..","..","..","0.47","0.49","0.1","3.32","..","0.2","0.01","1.1","2.63","0.94","..","0.54","0.09","0.37","..","..","..","..","0.11","..","..","0.01","..","..","..","..","0.2","..","..","..","..","..","..","..","..","..","..","..","..","..","..","..","..","0.01","..","..","..","..","..","..","..","..","..","..","..","..","..","..","0.16","..","..","..","..","..","..","..","..","..","..","..","0.06","..","..","..","..","..","0.07","..","..","0.03","..","..","..","..","..","..","..","..","..","..","..","..","..","0.2","0.06","0.09","..","..","..","..","..","..","..","..","..","..","..","0.48","..","..","..","..","..","..","..","..","..","..","..","..","..","..","0.32","..","..","..","..","..","..","..","..","0.19","..","..","..","..","..","..","..","..","1.07","..","..","..","0.2","..","..","..","0.03","..","0.08","0.11","..",".."
"Croatia","","19.34","0.02","0.02","..","0.04","1","0.03","0.04","15.05","..","0.02","..","0.44","14.91","0.07","0.01","0.32","0.01","1.23","..","..","..","..","..","..","..","..","..","0","..","..","12.36","..","..","..","..","..","..","..","..","..","..","..","..","..","..","..","..","..","..","..","..","..","..","..","..","..","..","..","..","..","..","0.01","0","..","..","..","..","..","..","..","..","..","..","..","..","..","..","..","..","..","0.07","..","..","0.13","..","..","0.02","..","..","..","..","..","..","..","0.01","..","..","..","0.04","0","..","..","..","..","..","..","..","..","..","..","..","..","..","..","..","..","..","..","..","..","..","..","..","..","..","..","0.08","..","..","..","..","..","..","..","..","0.22","..","..","..","..","..","..","..","..","1.01","0.02","..","..","0.11","..","..","0.04","..","..","..","..","..",".."
"Cyprus","","2.65","..","..","..","0.02","0.1","0.09","..","0.02","..","0.04","..","0.09","0.1","0.09","..","0.06","..","0.02","..","..","..","..","0.09","..","..","..","..","..","..","..","..","..","..","..","..","..","..","..","..","..","..","..","..","..","..","..","..","..","..","..","..","..","..","..","..","..","..","..","..","..","..","..","..","..","..","..","..","..","..","..","..","..","..","..","..","..","..","..","..","..","..","..","..","0.06","..","..","..","..","..","..","..","..","..","..","..","..","..","..","..","..","..","..","..","..","..","..","..","..","..","..","..","..","..","..","..","..","..","..","..","..","..","..","..","..","..","..","..","..","..","..","..","..","..","..","..","..","..","..","..","..","..","..","..","..","..","..","..","..","..","..","..","0.02","..","..","..","0.04","..",".."
"Estonia","","16.68","0.06","1.09","..","0.06","1.51","2.22","0.03","4.95","0.01","2.18","..","5.99","0.84","2.37","..","3.38","1.21","..","..","..","..","..","0.06","0.03","0.06","0.23","..","..","..","..","..","..","..","0.3","..","..","..","..","..","..","0.03","..","..","..","..","..","..","..","..","..","..","..","..","..","..","..","..","..","0.11","..","..","..","0.87","0.11","..","..","..","..","..","..","..","..","..","..","0.17","..","0.17","0","0.12","..","0.01","..","..","0.22","..","..","0.06","..","..","..","..","0.22","..","..","..","..","..","0.37","..","..","..","..","..","0","..","..","..","..","..","..","..","0.03","..","..","..","..","..","..","..","..","..","..","..","..","..","..","..","..","..","0.02","..","..","..","0.17","..","0.63","..","..","..","..","..","..","..","..","0.07","..","..","0.03","3.43","..","..","..","..","..","0.22","0.06","..",".."
"Israel","","241.59","0.29","5.28","3.21","7.12","79.98","29.65","10.14","14.21","0.19","3.26","0.07","121.72","24.99","5.07","0.4","37.82","0","0.13","0.05","0","..","3.99","0.07","0.47","..","2.04","..","0.05","0.02","0.03","0.03","0.01","1.93","0.03","0","0","0.03","0.06","..","0.06","9.61","0.58","..","0.02","0.18","0.08","0.04","0.04","0","0.01","0.01","0.04","0.09","0.13","0.01","..","..","0","1.24","0.11","0","0.07","0.45","0.25","..","0.22","0.02","0","0.01","0.04","0.11","27.08","0.06","0","0.01","0.01","46.36","0.52","0.73","..","..","0.07","..","0.01","0","0.08","..","0.01","0.37","..","0.03","0","0.01","..","0.02","2.27","0.01","0.86","..","0","..","0.11","0","0.17","0","0.01","0.26","0.01","0","0.44","..","0.09","0.02","0.01","0.27","0.03","0.09","0.25","0.12","0.26","..","..","..","..","..","0.09","0.56","0.01","0.02","..","0.93","0.01","0.09","0.02","0.01","0.01","0.01","0.11","0.07","..","0.08","..","..","..","0.35","0.03","..","0.15","10.14","0.35","..","0.13","0.22","..","33.58","..","0.02","0.04"
"Kazakhstan","","30.19","..","..","..","..","..","9.79","..","..","..","0.01","..","9.26","0","9.27","0","4.55","0.01","..","..","..","..","..","..","..","..","..","..","..","..","..","..","..","..","..","..","..","..","..","..","..","..","..","..","..","..","..","..","..","..","..","..","..","..","..","..","..","..","..","..","..","..","..","..","..","..","..","..","..","..","..","..","..","..","..","..","..","..","..","..","..","..","4.24","..","..","..","..","..","..","..","..","0","..","..","..","..","..","..","..","..","..","..","..","..","..","..","..","..","..","..","..","..","..","..","..","..","..","..","..","..","..","..","..","..","..","..","..","..","..","..","..","..","..","..","..","..","..","4.54","..","..","..","..","..","..","..","..","..","..","..","..","0.48","..","..","..","..","..","..","..",".."
"Kuwait","","756.75","497.68","75.93","13.98","7.76","68.61","59.01","7.87","25.16","..","71.46","..","594.76","89.81","32.39","15.16","96.03","..","18.98","..","..","..","7.76","..","..","12","..","1.93","0.06","..","..","0.51","..","..","0.41","1.25","2.55","..","1.85","..","..","1.21","..","..","..","..","9.15","0.66","..","..","7.69","..","..","..","472.01","..","..","..","..","0.04","..","..","7.27","1.62","5.3","..","..","1.17","..","..","..","..","..","..","..","0.52","..","23.55","..","0.9","..","..","1.78","0.05","42.54","..","1.08","..","..","2.46","..","8.57","..","..","7.52","..","..","..","..","..","..","..","5.33","..","..","..","..","3.21","9.93","3.92","..","..","..","6.05","..","..","..","..","..","..","4.85","..","..","1.46","..","..","1.02","..","3.19","..","..","..","0.91","13.84","..","..","2","5.71","11.77","..","..","..","..","..","20.35","5.67","..","..","1.59","..","6.23","..","..","6.62","..","..","..","..",".."
"Latvia","","4.98","..","0.01","0.01","0","0.14","0.97","0.02","1.72","..","0.03","..","1.69","1.1","0.65","..","0.13","0","..","..","..","..","..","..","0.06","..","0.3","..","..","..","..","..","..","..","..","..","..","..","..","..","..","0.02","..","..","..","..","..","..","..","..","..","..","..","..","..","..","..","..","..","..","..","..","0","0.49","0","..","..","..","..","..","..","..","..","0","..","..","..","..","0.03","..","..","..","0.07","..","0.06","..","..","..","..","..","..","..","..","..","..","..","0.01","..","0.23","..","..","..","..","..","..","..","..","..","..","..","..","..","..","..","..","..","..","..","0","..","..","..","..","..","..","..","..","..","..","..","..","..","..","..","0.01","..","0.07","0.03","..","..","..","..","..","..","..","0.62","0.01","..","..","0.57","0.23","..","..","0","..","..","0.01","..",".."
"Liechtenstein","","18.91","..","..","..","..","..","..","..","..","..","..","..","..","..","..","..","..","..","..","..","..","..","..","..","..","..","..","..","..","..","..","..","..","..","..","..","..","..","..","..","..","..","..","..","..","..","..","..","..","..","..","..","..","..","..","..","..","..","..","..","..","..","..","..","..","..","..","..","..","..","..","..","..","..","..","..","..","..","..","..","..","..","..","..","..","..","..","..","..","..","..","..","..","..","..","..","..","..","..","..","..","..","..","..","..","..","..","..","..","..","..","..","..","..","..","..","..","..","..","..","..","..","..","..","..","..","..","..","..","..","..","..","..","..","..","..","..","..","..","..","..","..","..","..","..","..","..","..","..","..","..","..","..","..","..","..","..","..",".."
"Lithuania","","11.9","0.02","0.42","0.01","0.02","0.39","1.77","0.09","5.74","..","0.46","0","4.31","3.24","0.95","0","0.82","0.06","0","0","0","..","0.01","0.27","0.1","0.01","1.86","..","..","..","..","0","..","0.01","..","..","..","0","0","..","..","0.04","0","..","..","..","0.03","..","0","..","..","..","..","..","0","0","..","0","..","0.01","..","..","..","0.91","0","..","..","..","..","..","..","..","0.09","0.01","0.02","0.03","..","0","0.09","0","..","0","0","..","0.07","..","..","..","..","0","..","0","0.18","..","..","..","0","..","0.11","0.02","0.02","..","0.01","..","0.02","..","..","0","0","..","0.12","..","0.03","0.01","..","..","..","..","0","0","..","..","..","..","..","..","..","0","..","..","..","0.02","..","..","0.03","..","0.07","0.01","0","..","..","..","..","..","0","0.93","..","..","0.02","2.52","0.03","..","0","0","..","0.08","0.12","..","0"
"Malta","","47.16","1.54","0.28","..","0.02","0.15","0.05","0.17","0.08","..","0.36","..","0.29","1.65","0.11","..","1.91","0.03","0.06","0.01","..","..","..","..","..","0.02","..","..","..","..","..","..","..","..","..","..","..","..","..","0.04","..","..","..","..","..","..","..","..","..","0.04","..","..","..","..","..","..","..","..","..","..","..","..","..","..","0","..","..","..","..","..","..","..","..","..","..","..","..","..","..","0","..","0","..","..","0.08","..","..","1.48","..","..","..","..","0.02","..","..","..","..","..","..","..","..","..","..","..","..","..","..","..","..","..","..","..","..","..","..","..","..","..","..","0.17","..","..","..","..","..","..","..","..","..","..","0.12","..","0.03","..","0.02","..","0.03","..","0","..","..","..","..","..","0.04","..","..","..","..","0.02","..","..","0.02","..","..","0.01","0.03","..",".."
"Qatar","","541.77","17.62","77.44","1.89","0.29","279.86","15.22","6.68","30.58","..","84.77","0.03","299.51","45.25","19.33","0.93","360.27","0.82","2.1","0.96","0.65","..","..","..","0.08","3.16","0.85","..","0.01","..","..","0.89","..","0.17","3.29","..","..","..","..","..","1.91","2.44","0.03","..","..","0.03","2.03","0.92","..","0.62","..","..","..","0.02","0.07","0.83","..","..","0.06","4.15","..","..","0.15","0.44","0.11","..","..","0.04","..","..","..","..","1.32","0.34","1.89","1.21","..","0.82","1.28","0.27","..","..","0.12","..","3.68","0.07","0.02","0.1","..","..","3.48","0.01","1.25","..","0.03","..","0.1","..","0.86","0.06","0.1","..","15.56","1.61","0.05","..","..","1.97","..","..","0.65","..","..","4.87","..","..","..","..","0.07","0.04","1.36","..","..","..","..","..","0.1","0.83","0.03","..","46.09","0.02","0.86","0.18","11.68","..","31.83","0.06","0.08","0.08","..","0.02","..","..","0.94","23.91","..","..","0.12","1.04","0.86","..","..","0.24","..","235.92","4.5","0.13","0.03"
"Romania","","75.3","0.36","1.96","0.19","0.13","3.13","1.33","0.38","64.67","0.17","2.22","0.04","59.25","10.76","55.23","0.35","4.71","0.22","1.34","0","0.12","..","..","0.08","0.13","0.06","0.13","0","0.04","..","0","0.03","..","0.04","0.01","..","..","..","0.1","..","0.01","0.05","0.06","..","0.02","..","0","0.06","0.03","0.62","..","0.01","..","..","0.13","..","..","..","..","..","..","0","..","0.11","..","0.02","..","0.01","..","..","0.05","0","0.02","0.02","0.1","0.23","0.02","0.72","0.12","0.03","..","..","0","..","0.55","0.01","..","0.04","..","0.02","..","..","0.01","..","..","0.01","0.01","..","53.4","0.01","0.01","..","0.14","..","0.02","..","..","0.01","..","0.06","0.06","..","0.22","0.02","0.05","..","..","..","0.02","..","0","..","..","..","0.03","..","0.02","2.82","..","..","0","0.01","..","0.02","0.02","..","0.81","..","0.37","0.04","..","0.01","..","..","0.04","4.1","0.49","0.03","0.03","2.58","0.02","0.06","0","0.24","..","0.61","0.11","0.35","0.01"
"Saudi Arabia","","1898.93","259.9","321.5","14.11","0.62","650.67","166.02","131.66","17.99","0.04","798.22","0.29","583.06","180.92","198.17","66.35","867.71","..","..","..","..","..","..","..","..","..","..","..","..","..","..","..","..","..","..","..","..","..","..","..","..","..","..","..","..","..","..","..","..","..","..","..","..","..","..","..","..","..","..","..","..","..","..","..","..","..","..","..","..","..","..","..","..","..","..","..","..","..","..","..","..","..","..","..","..","..","..","..","..","..","..","..","..","..","..","..","..","..","..","..","..","..","..","..","..","..","..","..","..","..","..","..","..","..","..","..","..","..","..","..","..","..","..","..","..","..","..","..","..","..","..","..","..","..","..","..","..","..","..","..","..","..","..","..","..","..","..","..","..","..","..","..","..","..","..","..","..","..",".."
"Chinese Taipei","","213.62","..","..","2.21","..","..","..","3","..","6","..","..","..","8.21","..","8.21","..","..","..","..","..","..","..","..","..","..","..","2.21","..","..","..","..","..","..","..","..","..","..","..","..","..","..","..","..","..","..","..","..","..","..","..","..","..","..","..","..","..","..","..","..","..","..","..","..","..","..","..","..","..","..","..","..","..","..","..","..","..","..","..","..","..","..","..","..","..","..","..","..","..","..","..","..","..","3","..","..","..","..","..","..","..","..","..","..","..","..","..","..","..","..","..","..","..","..","3","..","..","..","..","..","..","..","..","..","..","..","..","..","..","..","..","..","..","..","..","..","..","..","..","..","..","..","..","..","..","..","..","..","..","..","..","..","..","..","..","..","..","..",".."
"Thailand","","54.73","0.04","0.99","0.07","0.05","0.21","4.47","47.57","0.04","1.29","50.24","0.05","2.26","2.17","41.17","1.47","49.35","0","..","0.01","..","..","0.02","0","..","0.12","0.01","0","0.04","1.36","..","..","..","..","0.06","0.05","..","6.23","0.02","..","..","0.46","0","..","0","0.01","0.01","0","..","..","..","..","..","0","0.02","0","..","..","0.01","0.04","0.08","..","0.05","0.01","0.02","..","0.01","0.01","..","..","0.01","0.01","0.07","0.26","0.14","..","..","0.04","0","0.02","..","..","..","39.28","0.04","0.03","0.02","0","0.02","0.02","0.04","0.05","..","..","..","0.02","0.01","..","..","0.03","..","..","0","0.03","2.36","..","..","0.18","0.01","0","0.22","..","..","0.24","..","0","..","0.01","0.02","0.18","..","..","..","0.01","0","..","0.08","0.01","0","0.01","0.02","..","0","0.05","0.06","0.01","..","0.01","0.03","..","0.08","..","..","1.2","0.01","0.02","..","..","0.03","0","0","..","0","1.01","..","..","..","0.01","0.05"
"Timor-Leste","","..","..","..","..","..","..","..","..","..","..","..","..","..","..","..","..","..","..","..","..","..","..","..","..","..","..","..","..","..","..","..","..","..","..","..","..","..","..","..","..","..","..","..","..","..","..","..","..","..","..","..","..","..","..","..","..","..","..","..","..","..","..","..","..","..","..","..","..","..","..","..","..","..","..","..","..","..","..","..","..","..","..","..","..","..","..","..","..","..","..","..","..","..","..","..","..","..","..","..","..","..","..","..","..","..","..","..","..","..","..","..","..","..","..","..","..","..","..","..","..","..","..","..","..","..","..","..","..","..","..","..","..","..","..","..","..","..","..","..","..","..","..","..","..","..","..","..","..","..","..","..","..","..","..","..","..","..","..",".."
"TÃ¼rkiye","","8032.58","16.86","57.08","1.32","3.21","7473.6","105.22","9.2","98.3","0.05","99.47","0.47","7178.2","158.44","115.75","1.12","7259.93","36.47","59.93","2.16","0.11","..","0.1","0.01","6.4","6.63","0.04","..","0.54","0.33","0.06","7.96","0.06","0.06","0.43","0.42","..","0.16","1.3","0.22","2.82","1.35","1.45","0.31","0.82","0.04","0.49","0.02","..","..","0.57","..","0.02","0.09","2.11","0.51","0.05","0.14","0.04","2.08","0.01","0.05","0.69","3","0.8","..","0.08","2.15","0.41","0.06","0.14","0.03","0.72","2.13","2.21","36.67","..","2.87","21.73","0.83","..","4.69","20.97","..","1.92","0.02","0.19","1.46","0.32","0.15","0.82","0.01","0.72","..","0.49","0.06","0.45","..","3.78","3.16","1.11","..","0.77","0.24","0.5","0.44","..","0.15","0.03","1.62","0.74","..","5.75","3.06","..","..","0.01","0.3","0.26","0.6","0.65","..","..","..","..","0.06","0.89","2.83","0.37","..","25.98","0.16","0.99","0.32","4.17","..","7078.18","1.38","1.27","0.55","..","0.27","..","..","7.37","..","1.2","..","0.96","2.28","2.01","..","0.67","0.12","..","32.96","4.44","0.43","0.47"
"United Arab Emirates","","1879.67","54.76","1177.24","18.15","44.38","203.72","139.1","23.3","46.24","1.47","1220.81","1.19","286.81","199.04","114.66","47.88","1353.99","4.83","6.98","0.04","0.02","1.21","8.78","1.08","1.98","3.3","1.08","0.29","1.04","0.01","0.04","8.64","0.86","1.77","2.05","0.6","0.02","1.06","0.25","0.23","0.54","3.22","18.2","5.69","1.38","3.83","0.5","6.51","..","0.03","0.03","0.29","1.02","0.14","42.67","0.06","..","4.23","0.01","11.72","0.35","..","3.32","..","3.09","0.29","0.18","5.59","0.03","0.37","0.02","0.21","3.86","4.79","8.71","14.23","0.51","86.25","17.72","9.66","..","0.23","2.55","0.01","3.12","..","0.71","0.41","3.34","0.28","0.7","27.25","10.52","0.11","14.85","0.67","1.48","..","0.01","6.01","1.11","0.29","2.09","0.44","0.86","1.22","0.11","1.43","0.37","2.16","1.63","0.11","1.55","47.71","0.11","0.02","0.11","7.37","5.34","1.87","2.12","0.03","0.29","1.29","0.11","0.01","1.04","23.64","5.45","0.11","30.01","1.48","5.18","0.4","1025.09","0.36","22.53","5.7","1.84","4.87","..","10.07","..","0.11","9.57","0.01","6.85","0.11","6.51","3","13.56","0.11","2.01","0.77","..","14.55","54.32","..","1.19"
"Other donor countries","","..","..","..","..","..","..","..","..","..","..","..","..","..","..","..","..","..","..","..","..","..","..","..","..","..","..","..","..","..","..","..","..","..","..","..","..","..","..","..","..","..","..","..","..","..","..","..","..","..","..","..","..","..","..","..","..","..","..","..","..","..","..","..","..","..","..","..","..","..","..","..","..","..","..","..","..","..","..","..","..","..","..","..","..","..","..","..","..","..","..","..","..","..","..","..","..","..","..","..","..","..","..","..","..","..","..","..","..","..","..","..","..","..","..","..","..","..","..","..","..","..","..","..","..","..","..","..","..","..","..","..","..","..","..","..","..","..","..","..","..","..","..","..","..","..","..","..","..","..","..","..","..","..","..","..","..","..","..",".."
"G7 Countries, Total","","103868.31","3755.05","24892.12","3077.07","3941.81","9499.97","13846.64","8534.9","2731.5","788.06","25002.59","491.59","27385.82","13750.29","12728.31","2105.94","34213.46","1924.25","132.16","160.91","67.32","1.53","51.11","98.03","186.07","2978.75","65.75","8.09","276.06","25.17","99.09","158.36","72.47","518.01","481.13","120.82","9.68","527.65","551.47","265.92","227.36","1083.74","1696","34.16","96.1","204.13","673.81","58.59","3.97","1297.7","96.15","4.64","381.77","249.23","966.8","291.37","2.53","9.88","71.21","1831.82","49.81","60.22","36.98","660.63","512.14","3.24","232.62","133.47","13.35","17.47","400.95","153.38","3670.37","2917.08","141.84","1931.91","40.79","2241.6","44.6","1413.34","12.92","100.48","100.41","196.26","934.59","85.06","244.81","191.64","315.35","544.81","52.96","63.97","514.7","119.33","94.68","378.26","750.7","130.21","53.45","409.31","31.14","43.83","1364.99","817.2","1547.9","163.07","2.36","396.38","59.94","508.46","1625.15","0.17","41.46","822.01","35.8","31.1","142.47","129.79","500.28","1689.67","422.53","58.85","4.02","1.56","10.73","4.31","785.28","204.79","199.44","16.45","1701.79","1026.94","1185.14","407.32","652.98","1.95","2051.8","85.68","942.31","325.95","67.46","90.77","0.01","18.7","866.21","1041.62","6.85","2.22","973.63","540.46","606.37","16.58","145.94","1141.34","107","513.22","1398.42","532.45","487.62"
"DAC-EU Countries, Total","","..","..","..","..","..","..","..","..","..","..","..","..","..","..","..","..","..","..","..","..","..","..","..","..","..","..","..","..","..","..","..","..","..","..","..","..","..","..","..","..","..","..","..","..","..","..","..","..","..","..","..","..","..","..","..","..","..","..","..","..","..","..","..","..","..","..","..","..","..","..","..","..","..","..","..","..","..","..","..","..","..","..","..","..","..","..","..","..","..","..","..","..","..","..","..","..","..","..","..","..","..","..","..","..","..","..","..","..","..","..","..","..","..","..","..","..","..","..","..","..","..","..","..","..","..","..","..","..","..","..","..","..","..","..","..","..","..","..","..","..","..","..","..","..","..","..","..","..","..","..","..","..","..","..","..","..","..","..",".."
"United Postcode Lotteries, Total","","357.35","0.21","44.36","0.72","5.69","3.17","8.38","2.4","..","..","32.9","0.06","8.31","5.14","24.64","0.34","35.74","2.03","..","0.02","..","..","..","..","..","0.02","..","..","1.1","..","..","..","..","..","1.54","..","..","..","..","15.38","..","..","..","..","..","..","..","..","..","3.23","..","..","..","0.56","..","..","..","..","..","0.18","..","..","..","..","0.67","..","0.1","..","..","..","..","..","4.08","0.02","..","1.68","0.34","0.11","..","2.29","..","..","..","..","0.61","0.27","..","..","..","0.33","..","..","1.89","..","..","..","0.28","..","..","..","..","..","..","..","2","..","..","0.25","..","0.02","0.51","..","..","..","..","..","..","..","..","0.07","0.79","..","..","..","..","..","0.78","..","0.07","..","..","1.65","..","..","..","..","0.35","..","1.12","..","..","..","..","..","0.1","..","..","..","1.88","..","..","..","..","..","..","..","..","..","0.06"
